sample,file_name,object,label,run_id,experiment_type,condition,support_samples,eval_samples,seed,degradation_scope,degradation_mode,degradation_ratio,degradation_patch_size,degradation_fill,yolo_label,crop_width,crop_height,prototype_guess,prototype_similarity,prototype_agreement,head_guess,head_confidence,head_agreement,head_train_objects,head_train_accuracy,head_parameter_count,prototype_classes,x,y
0,images/IMG_00290.jpg,1,Car,20260517_175748,crop_robustness,clean,80,50,7,crop,none,0.0,32,gray,Car,454,388,Car,0.5363631248474121,True,Car,0.8809588651653141,True,151,1.0,26901,21,9.44237232208252,-8.252399444580078
0,images/IMG_00290.jpg,1,Car,20260517_175748,crop_robustness,pixel_25,80,50,7,crop,pixel,0.25,32,gray,Car,454,388,Car,0.573466420173645,True,Car,0.9295532453136772,True,151,1.0,26901,21,8.691311836242676,-7.961857318878174
0,images/IMG_00290.jpg,1,Car,20260517_175748,crop_robustness,pixel_50,80,50,7,crop,pixel,0.5,32,gray,Car,454,388,Car,0.593815803527832,True,Car,0.91684406260271,True,151,1.0,26901,21,7.893268585205078,-7.382745265960693
0,images/IMG_00290.jpg,1,Car,20260517_175748,crop_robustness,pixel_75,80,50,7,crop,pixel,0.75,32,gray,Car,454,388,Car,0.5890618562698364,True,Car,0.8958825620254951,True,151,1.0,26901,21,6.0326247215271,-6.760647296905518
1,images/IMG_00333.jpg,1,Car,20260517_175748,crop_robustness,clean,80,50,7,crop,none,0.0,32,gray,Car,573,519,Car,0.605939507484436,True,Car,0.8904013743094035,True,151,1.0,26901,21,11.48422908782959,-11.301156044006348
1,images/IMG_00333.jpg,1,Car,20260517_175748,crop_robustness,pixel_25,80,50,7,crop,pixel,0.25,32,gray,Car,573,519,Car,0.5974792242050171,True,Car,0.8262981136528472,True,151,1.0,26901,21,11.935333251953125,-10.756965637207031
1,images/IMG_00333.jpg,1,Car,20260517_175748,crop_robustness,pixel_50,80,50,7,crop,pixel,0.5,32,gray,Car,573,519,Car,0.6192948818206787,True,Car,0.7457156391237223,True,151,1.0,26901,21,11.344046592712402,-10.274226188659668
1,images/IMG_00333.jpg,1,Car,20260517_175748,crop_robustness,pixel_75,80,50,7,crop,pixel,0.75,32,gray,Car,573,519,Person,0.5871508121490479,False,Truck,0.1902020523867371,False,151,1.0,26901,21,-2.1109209060668945,4.932668685913086
2,images/IMG_01173.jpg,1,Car,20260517_175748,crop_robustness,clean,80,50,7,crop,none,0.0,32,gray,Car,300,164,Car,0.5596385598182678,True,Car,0.979575505451654,True,151,1.0,26901,21,8.103260040283203,-9.718158721923828
2,images/IMG_01173.jpg,1,Car,20260517_175748,crop_robustness,pixel_25,80,50,7,crop,pixel,0.25,32,gray,Car,300,164,Car,0.590991735458374,True,Car,0.959455758414722,True,151,1.0,26901,21,7.29560661315918,-8.571006774902344
2,images/IMG_01173.jpg,1,Car,20260517_175748,crop_robustness,pixel_50,80,50,7,crop,pixel,0.5,32,gray,Car,300,164,Car,0.5870381593704224,True,Car,0.9200088551603748,True,151,1.0,26901,21,6.534111022949219,-7.603679180145264
2,images/IMG_01173.jpg,1,Car,20260517_175748,crop_robustness,pixel_75,80,50,7,crop,pixel,0.75,32,gray,Car,300,164,Pedestrian crosswalk,0.5472742319107056,False,Pedestrian crosswalk,0.7135871676699524,False,151,1.0,26901,21,0.6128858327865601,4.3313493728637695
3,images/IMG_01176.jpg,1,Motorcycle,20260517_175748,crop_robustness,clean,80,50,7,crop,none,0.0,32,gray,Motorcycle,402,234,Motorcycle,0.7166299819946289,True,Motorcycle,0.9327328218051036,True,151,1.0,26901,21,-4.749630928039551,12.025468826293945
3,images/IMG_01176.jpg,1,Motorcycle,20260517_175748,crop_robustness,pixel_25,80,50,7,crop,pixel,0.25,32,gray,Motorcycle,402,234,Motorcycle,0.7072892189025879,True,Motorcycle,0.8987709379099937,True,151,1.0,26901,21,-4.261023998260498,11.210787773132324
3,images/IMG_01176.jpg,1,Motorcycle,20260517_175748,crop_robustness,pixel_50,80,50,7,crop,pixel,0.5,32,gray,Motorcycle,402,234,Motorcycle,0.6216652393341064,True,Motorcycle,0.4216115869116023,True,151,1.0,26901,21,-3.8839917182922363,10.460005760192871
3,images/IMG_01176.jpg,1,Motorcycle,20260517_175748,crop_robustness,pixel_75,80,50,7,crop,pixel,0.75,32,gray,Motorcycle,402,234,Chair,0.572552502155304,False,Pedestrian crosswalk,0.4374639400246607,False,151,1.0,26901,21,-0.6109611392021179,1.8177051544189453
4,images/IMG_01204.jpg,1,Motorcycle,20260517_175748,crop_robustness,clean,80,50,7,crop,none,0.0,32,gray,Motorcycle,421,238,Motorcycle,0.6669918894767761,True,Motorcycle,0.7844229996221429,True,151,1.0,26901,21,-5.697441577911377,11.243231773376465
4,images/IMG_01204.jpg,1,Motorcycle,20260517_175748,crop_robustness,pixel_25,80,50,7,crop,pixel,0.25,32,gray,Motorcycle,421,238,Motorcycle,0.6358816623687744,True,Motorcycle,0.5083230752765105,True,151,1.0,26901,21,-4.185208797454834,9.502714157104492
4,images/IMG_01204.jpg,1,Motorcycle,20260517_175748,crop_robustness,pixel_50,80,50,7,crop,pixel,0.5,32,gray,Motorcycle,421,238,Manhole,0.5585201978683472,False,Pedestrian crosswalk,0.2152717280449845,False,151,1.0,26901,21,-1.7884960174560547,1.2601470947265625
4,images/IMG_01204.jpg,1,Motorcycle,20260517_175748,crop_robustness,pixel_75,80,50,7,crop,pixel,0.75,32,gray,Motorcycle,421,238,Pedestrian crosswalk,0.5228047966957092,False,Pedestrian crosswalk,0.6478250495309167,False,151,1.0,26901,21,-2.5015368461608887,1.1311912536621094
5,images/IMG_02278.jpg,1,Chair,20260517_175748,crop_robustness,clean,80,50,7,crop,none,0.0,32,gray,Chair,374,581,Chair,0.7371789216995239,True,Chair,0.9602861478116136,True,151,1.0,26901,21,-13.621129989624023,-3.5173850059509277
5,images/IMG_02278.jpg,1,Chair,20260517_175748,crop_robustness,pixel_25,80,50,7,crop,pixel,0.25,32,gray,Chair,374,581,Manhole,0.4962036907672882,False,Manhole,0.6327661487098655,False,151,1.0,26901,21,-21.69203758239746,-2.557969808578491
5,images/IMG_02278.jpg,1,Chair,20260517_175748,crop_robustness,pixel_50,80,50,7,crop,pixel,0.5,32,gray,Chair,374,581,Manhole,0.4996596276760101,False,Manhole,0.654312704628234,False,151,1.0,26901,21,-20.823871612548828,-2.328528881072998
5,images/IMG_02278.jpg,1,Chair,20260517_175748,crop_robustness,pixel_75,80,50,7,crop,pixel,0.75,32,gray,Chair,374,581,Manhole,0.4982298016548157,False,Manhole,0.6708287666350369,False,151,1.0,26901,21,-21.3449649810791,-1.6785204410552979
6,images/IMG_02290.jpg,1,Guard rail,20260517_175748,crop_robustness,clean,80,50,7,crop,none,0.0,32,gray,Guard rail,55,445,Traffic Cone,0.556847870349884,False,Tree,0.2801835281492721,False,151,1.0,26901,21,19.876306533813477,6.1637396812438965
6,images/IMG_02290.jpg,1,Guard rail,20260517_175748,crop_robustness,pixel_25,80,50,7,crop,pixel,0.25,32,gray,Guard rail,55,445,Stairs,0.4801469445228576,False,Tree,0.4561676232588001,False,151,1.0,26901,21,18.97498893737793,7.3593926429748535
6,images/IMG_02290.jpg,1,Guard rail,20260517_175748,crop_robustness,pixel_50,80,50,7,crop,pixel,0.5,32,gray,Guard rail,55,445,Stairs,0.4503757357597351,False,Tree,0.4778603486508367,False,151,1.0,26901,21,18.620399475097656,8.386473655700684
6,images/IMG_02290.jpg,1,Guard rail,20260517_175748,crop_robustness,pixel_75,80,50,7,crop,pixel,0.75,32,gray,Guard rail,55,445,Stairs,0.4271426200866699,False,Tree,0.4671268767440436,False,151,1.0,26901,21,18.030973434448242,8.571184158325195
7,images/IMG_03605.jpg,1,Tree,20260517_175748,crop_robustness,clean,80,50,7,crop,none,0.0,32,gray,Tree,260,238,Tree,0.6898348927497864,True,Tree,0.9376864341773204,True,151,1.0,26901,21,6.098487854003906,14.88139533996582
7,images/IMG_03605.jpg,1,Tree,20260517_175748,crop_robustness,pixel_25,80,50,7,crop,pixel,0.25,32,gray,Tree,260,238,Tree,0.599602460861206,True,Tree,0.853021063475759,True,151,1.0,26901,21,4.941493988037109,13.398859977722168
7,images/IMG_03605.jpg,1,Tree,20260517_175748,crop_robustness,pixel_50,80,50,7,crop,pixel,0.5,32,gray,Tree,260,238,Tree,0.5609774589538574,True,Tree,0.9053164035098096,True,151,1.0,26901,21,4.314285755157471,12.938652038574219
7,images/IMG_03605.jpg,1,Tree,20260517_175748,crop_robustness,pixel_75,80,50,7,crop,pixel,0.75,32,gray,Tree,260,238,Tree,0.5580720901489258,True,Tree,0.6485251129895288,True,151,1.0,26901,21,3.7069897651672363,11.611541748046875
8,images/IMG_03837.jpg,1,Tree,20260517_175748,crop_robustness,clean,80,50,7,crop,none,0.0,32,gray,Tree,293,281,Tree,0.6627698540687561,True,Tree,0.9956760582501518,True,151,1.0,26901,21,4.979856014251709,17.108318328857422
8,images/IMG_03837.jpg,1,Tree,20260517_175748,crop_robustness,pixel_25,80,50,7,crop,pixel,0.25,32,gray,Tree,293,281,Tree,0.6401858329772949,True,Tree,0.9971411705419058,True,151,1.0,26901,21,4.639408588409424,16.591886520385742
8,images/IMG_03837.jpg,1,Tree,20260517_175748,crop_robustness,pixel_50,80,50,7,crop,pixel,0.5,32,gray,Tree,293,281,Tree,0.5545754432678223,True,Tree,0.9102121624097936,True,151,1.0,26901,21,4.114302158355713,15.096424102783203
8,images/IMG_03837.jpg,1,Tree,20260517_175748,crop_robustness,pixel_75,80,50,7,crop,pixel,0.75,32,gray,Tree,293,281,Manhole,0.5104624032974243,False,Tree,0.4635097279914679,True,151,1.0,26901,21,4.871751308441162,10.362523078918457
9,images/IMG_04020.jpg,1,Manhole,20260517_175748,crop_robustness,clean,80,50,7,crop,none,0.0,32,gray,Manhole,400,362,Manhole,0.5938349366188049,True,Manhole,0.8681562804877482,True,151,1.0,26901,21,-11.49802303314209,15.653863906860352
9,images/IMG_04020.jpg,1,Manhole,20260517_175748,crop_robustness,pixel_25,80,50,7,crop,pixel,0.25,32,gray,Manhole,400,362,Manhole,0.6027566194534302,True,Manhole,0.9084831251174068,True,151,1.0,26901,21,-11.67768669128418,14.790782928466797
9,images/IMG_04020.jpg,1,Manhole,20260517_175748,crop_robustness,pixel_50,80,50,7,crop,pixel,0.5,32,gray,Manhole,400,362,Manhole,0.617350697517395,True,Manhole,0.9215832472428092,True,151,1.0,26901,21,-11.658117294311523,14.075652122497559
9,images/IMG_04020.jpg,1,Manhole,20260517_175748,crop_robustness,pixel_75,80,50,7,crop,pixel,0.75,32,gray,Manhole,400,362,Manhole,0.6333906054496765,True,Manhole,0.8242141188143429,True,151,1.0,26901,21,-10.864485740661621,13.670083999633789
10,images/IMG_04220.jpg,1,Tree,20260517_175748,crop_robustness,clean,80,50,7,crop,none,0.0,32,gray,Tree,253,223,Tree,0.6846891045570374,True,Tree,0.9863530395809964,True,151,1.0,26901,21,0.32517656683921814,16.401927947998047
10,images/IMG_04220.jpg,1,Tree,20260517_175748,crop_robustness,pixel_25,80,50,7,crop,pixel,0.25,32,gray,Tree,253,223,Tree,0.5894612073898315,True,Tree,0.907952242461774,True,151,1.0,26901,21,0.5854053497314453,12.907353401184082
10,images/IMG_04220.jpg,1,Tree,20260517_175748,crop_robustness,pixel_50,80,50,7,crop,pixel,0.5,32,gray,Tree,253,223,Tree,0.5722137093544006,True,Tree,0.7611681793337218,True,151,1.0,26901,21,1.1675242185592651,12.069580078125
10,images/IMG_04220.jpg,1,Tree,20260517_175748,crop_robustness,pixel_75,80,50,7,crop,pixel,0.75,32,gray,Tree,253,223,Manhole,0.5471909046173096,False,Pedestrian crosswalk,0.5841756393523745,False,151,1.0,26901,21,1.721926212310791,10.528286933898926
11,images/IMG_04815.jpg,1,Tree,20260517_175748,crop_robustness,clean,80,50,7,crop,none,0.0,32,gray,Tree,291,253,Tree,0.7270944714546204,True,Tree,0.9988808343377455,True,151,1.0,26901,21,1.0316718816757202,16.472585678100586
11,images/IMG_04815.jpg,1,Tree,20260517_175748,crop_robustness,pixel_25,80,50,7,crop,pixel,0.25,32,gray,Tree,291,253,Tree,0.5959054827690125,True,Tree,0.9908911054266604,True,151,1.0,26901,21,1.639155387878418,14.76976203918457
11,images/IMG_04815.jpg,1,Tree,20260517_175748,crop_robustness,pixel_50,80,50,7,crop,pixel,0.5,32,gray,Tree,291,253,Tree,0.5927106142044067,True,Tree,0.9770087303226545,True,151,1.0,26901,21,1.822347640991211,14.170957565307617
11,images/IMG_04815.jpg,1,Tree,20260517_175748,crop_robustness,pixel_75,80,50,7,crop,pixel,0.75,32,gray,Tree,291,253,Tree,0.5596771836280823,True,Tree,0.4303221646908444,True,151,1.0,26901,21,2.4721217155456543,10.626191139221191
12,images/IMG_05264.jpg,1,Manhole,20260517_175748,crop_robustness,clean,80,50,7,crop,none,0.0,32,gray,Manhole,93,149,Teraffic Barrel,0.5647498965263367,False,Manhole,0.579896844916746,True,151,1.0,26901,21,9.882957458496094,7.64565372467041
12,images/IMG_05264.jpg,1,Manhole,20260517_175748,crop_robustness,pixel_25,80,50,7,crop,pixel,0.25,32,gray,Manhole,93,149,Person,0.5932665467262268,False,Person,0.269934906505722,False,151,1.0,26901,21,8.246368408203125,6.495981216430664
12,images/IMG_05264.jpg,1,Manhole,20260517_175748,crop_robustness,pixel_50,80,50,7,crop,pixel,0.5,32,gray,Manhole,93,149,Person,0.6024534702301025,False,Person,0.397075404663619,False,151,1.0,26901,21,7.451972007751465,6.362239837646484
12,images/IMG_05264.jpg,1,Manhole,20260517_175748,crop_robustness,pixel_75,80,50,7,crop,pixel,0.75,32,gray,Manhole,93,149,Person,0.5742262005805969,False,Person,0.3360749503108207,False,151,1.0,26901,21,6.463146686553955,6.609231472015381
13,images/IMG_05878.jpg,1,Car,20260517_175748,crop_robustness,clean,80,50,7,crop,none,0.0,32,gray,Car,415,273,Car,0.5323423147201538,True,Car,0.9568843958025924,True,151,1.0,26901,21,4.761593341827393,-13.550135612487793
13,images/IMG_05878.jpg,1,Car,20260517_175748,crop_robustness,pixel_25,80,50,7,crop,pixel,0.25,32,gray,Car,415,273,Car,0.5577213764190674,True,Car,0.9332369836377076,True,151,1.0,26901,21,3.716104030609131,-12.864355087280273
13,images/IMG_05878.jpg,1,Car,20260517_175748,crop_robustness,pixel_50,80,50,7,crop,pixel,0.5,32,gray,Car,415,273,Car,0.5749578475952148,True,Car,0.84621525245227,True,151,1.0,26901,21,3.045625925064087,-12.523897171020508
13,images/IMG_05878.jpg,1,Car,20260517_175748,crop_robustness,pixel_75,80,50,7,crop,pixel,0.75,32,gray,Car,415,273,Car,0.5730435848236084,True,Car,0.1856283679153124,True,151,1.0,26901,21,2.3194544315338135,-11.641925811767578
14,images/IMG_06146.jpg,1,Guard rail,20260517_175748,crop_robustness,clean,80,50,7,crop,none,0.0,32,gray,Guard rail,262,75,Car,0.5252681970596313,False,Car,0.8571675245003926,False,151,1.0,26901,21,13.31285285949707,15.971525192260742
14,images/IMG_06146.jpg,1,Guard rail,20260517_175748,crop_robustness,pixel_25,80,50,7,crop,pixel,0.25,32,gray,Guard rail,262,75,Manhole,0.5873621702194214,False,Manhole,0.5618195426330466,False,151,1.0,26901,21,12.578581809997559,15.536337852478027
14,images/IMG_06146.jpg,1,Guard rail,20260517_175748,crop_robustness,pixel_50,80,50,7,crop,pixel,0.5,32,gray,Guard rail,262,75,Manhole,0.5905746221542358,False,Pedestrian crosswalk,0.3387983292073886,False,151,1.0,26901,21,11.492354393005371,14.826275825500488
14,images/IMG_06146.jpg,1,Guard rail,20260517_175748,crop_robustness,pixel_75,80,50,7,crop,pixel,0.75,32,gray,Guard rail,262,75,Pedestrian crosswalk,0.5712906122207642,False,Pedestrian crosswalk,0.8309806517988919,False,151,1.0,26901,21,10.696136474609375,14.27171516418457
15,images/IMG_06546.jpg,1,Car,20260517_175748,crop_robustness,clean,80,50,7,crop,none,0.0,32,gray,Car,359,285,Car,0.585334062576294,True,Car,0.9799682679655156,True,151,1.0,26901,21,6.901766777038574,-10.409062385559082
15,images/IMG_06546.jpg,1,Car,20260517_175748,crop_robustness,pixel_25,80,50,7,crop,pixel,0.25,32,gray,Car,359,285,Car,0.5918521881103516,True,Car,0.9482309899824362,True,151,1.0,26901,21,6.027032852172852,-9.628302574157715
15,images/IMG_06546.jpg,1,Car,20260517_175748,crop_robustness,pixel_50,80,50,7,crop,pixel,0.5,32,gray,Car,359,285,Car,0.6094180345535278,True,Car,0.9492098439092708,True,151,1.0,26901,21,5.5414323806762695,-8.989373207092285
15,images/IMG_06546.jpg,1,Car,20260517_175748,crop_robustness,pixel_75,80,50,7,crop,pixel,0.75,32,gray,Car,359,285,Car,0.6237254738807678,True,Car,0.7608098150697251,True,151,1.0,26901,21,4.875021457672119,-7.931159973144531
16,images/IMG_07265.jpg,1,Manhole,20260517_175748,crop_robustness,clean,80,50,7,crop,none,0.0,32,gray,Manhole,118,185,Manhole,0.5913696885108948,True,Manhole,0.977690279719452,True,151,1.0,26901,21,10.160855293273926,9.611441612243652
16,images/IMG_07265.jpg,1,Manhole,20260517_175748,crop_robustness,pixel_25,80,50,7,crop,pixel,0.25,32,gray,Manhole,118,185,Manhole,0.6316983103752136,True,Manhole,0.8545907614885065,True,151,1.0,26901,21,9.400903701782227,9.15687084197998
16,images/IMG_07265.jpg,1,Manhole,20260517_175748,crop_robustness,pixel_50,80,50,7,crop,pixel,0.5,32,gray,Manhole,118,185,Traffic sign,0.6147043704986572,False,Traffic sign,0.3513135403650825,False,151,1.0,26901,21,7.616931915283203,9.039714813232422
16,images/IMG_07265.jpg,1,Manhole,20260517_175748,crop_robustness,pixel_75,80,50,7,crop,pixel,0.75,32,gray,Manhole,118,185,Traffic sign,0.5255268812179565,False,Pedestrian crosswalk,0.3039453693454385,False,151,1.0,26901,21,6.205363750457764,8.45862865447998
17,images/IMG_07313.jpg,1,Traffic sign,20260517_175748,crop_robustness,clean,80,50,7,crop,none,0.0,32,gray,Traffic sign,157,508,Chair,0.6049879789352417,False,Traffic sign,0.2547804293746444,True,151,1.0,26901,21,-1.8856748342514038,-2.4734745025634766
17,images/IMG_07313.jpg,1,Traffic sign,20260517_175748,crop_robustness,pixel_25,80,50,7,crop,pixel,0.25,32,gray,Traffic sign,157,508,Chair,0.6229941844940186,False,Manhole,0.2905656610191201,False,151,1.0,26901,21,-2.561203718185425,-2.140495538711548
17,images/IMG_07313.jpg,1,Traffic sign,20260517_175748,crop_robustness,pixel_50,80,50,7,crop,pixel,0.5,32,gray,Traffic sign,157,508,Chair,0.6191782355308533,False,Chair,0.2492494413337022,False,151,1.0,26901,21,-2.9875683784484863,-1.5480437278747559
17,images/IMG_07313.jpg,1,Traffic sign,20260517_175748,crop_robustness,pixel_75,80,50,7,crop,pixel,0.75,32,gray,Traffic sign,157,508,Chair,0.5759284496307373,False,Manhole,0.180625616921428,False,151,1.0,26901,21,-3.181831121444702,-0.7765247225761414
18,images/IMG_08021.jpg,1,Bench,20260517_175748,crop_robustness,clean,80,50,7,crop,none,0.0,32,gray,Bench,347,233,Bench,0.4888902008533478,True,Bench,0.2569445348303213,True,151,1.0,26901,21,-4.415524005889893,19.334196090698242
18,images/IMG_08021.jpg,1,Bench,20260517_175748,crop_robustness,pixel_25,80,50,7,crop,pixel,0.25,32,gray,Bench,347,233,Bench,0.4689970910549164,True,Tree,0.1983389921165882,False,151,1.0,26901,21,-4.418332099914551,19.28160285949707
18,images/IMG_08021.jpg,1,Bench,20260517_175748,crop_robustness,pixel_50,80,50,7,crop,pixel,0.5,32,gray,Bench,347,233,Manhole,0.5398038625717163,False,Manhole,0.2417760701915971,False,151,1.0,26901,21,-1.0360678434371948,7.700691223144531
18,images/IMG_08021.jpg,1,Bench,20260517_175748,crop_robustness,pixel_75,80,50,7,crop,pixel,0.75,32,gray,Bench,347,233,Manhole,0.5325695872306824,False,Stairs,0.1678185979230009,False,151,1.0,26901,21,-0.7207334041595459,7.535881996154785
19,images/IMG_08193.jpg,1,Traffic Cone,20260517_175748,crop_robustness,clean,80,50,7,crop,none,0.0,32,gray,Traffic Cone,361,489,Person,0.565660834312439,False,Person,0.3991313936975675,False,151,1.0,26901,21,-5.229126453399658,-5.7591400146484375
19,images/IMG_08193.jpg,1,Traffic Cone,20260517_175748,crop_robustness,pixel_25,80,50,7,crop,pixel,0.25,32,gray,Traffic Cone,361,489,Person,0.5035279989242554,False,Traffic Cone,0.3609082575800205,True,151,1.0,26901,21,-4.82757043838501,-5.2634100914001465
19,images/IMG_08193.jpg,1,Traffic Cone,20260517_175748,crop_robustness,pixel_50,80,50,7,crop,pixel,0.5,32,gray,Traffic Cone,361,489,Teraffic Barrel,0.5285748243331909,False,Pedestrian crosswalk,0.2411697396167572,False,151,1.0,26901,21,-4.752185344696045,-4.455538272857666
19,images/IMG_08193.jpg,1,Traffic Cone,20260517_175748,crop_robustness,pixel_75,80,50,7,crop,pixel,0.75,32,gray,Traffic Cone,361,489,Chair,0.5890752077102661,False,Pedestrian crosswalk,0.6247986385418216,False,151,1.0,26901,21,-4.832247257232666,-3.4407644271850586
20,images/IMG_09528.jpg,1,Electrical Box,20260517_175748,crop_robustness,clean,80,50,7,crop,none,0.0,32,gray,Electrical Box,498,381,Chair,0.5997579097747803,False,Dustbin,0.6794888976398791,False,151,1.0,26901,21,-3.905229091644287,-12.075277328491211
20,images/IMG_09528.jpg,1,Electrical Box,20260517_175748,crop_robustness,pixel_25,80,50,7,crop,pixel,0.25,32,gray,Electrical Box,498,381,Chair,0.5551643371582031,False,Dustbin,0.3561914592000295,False,151,1.0,26901,21,-4.132737636566162,-11.030802726745605
20,images/IMG_09528.jpg,1,Electrical Box,20260517_175748,crop_robustness,pixel_50,80,50,7,crop,pixel,0.5,32,gray,Electrical Box,498,381,Chair,0.6105456352233887,False,Dustbin,0.2401394887028581,False,151,1.0,26901,21,-4.108090877532959,-10.103798866271973
20,images/IMG_09528.jpg,1,Electrical Box,20260517_175748,crop_robustness,pixel_75,80,50,7,crop,pixel,0.75,32,gray,Electrical Box,498,381,Chair,0.6352862119674683,False,Person,0.2004320037748316,False,151,1.0,26901,21,-3.9114010334014893,-8.714251518249512
21,images/IMG_09857.jpg,1,Electrical Box,20260517_175748,crop_robustness,clean,80,50,7,crop,none,0.0,32,gray,Electrical Box,444,343,Chair,0.594872236251831,False,Dustbin,0.6364745225339908,False,151,1.0,26901,21,-2.881636142730713,-11.996295928955078
21,images/IMG_09857.jpg,1,Electrical Box,20260517_175748,crop_robustness,pixel_25,80,50,7,crop,pixel,0.25,32,gray,Electrical Box,444,343,Stairs,0.5606093406677246,False,Dustbin,0.3445717714530343,False,151,1.0,26901,21,-2.5704920291900635,-10.601202964782715
21,images/IMG_09857.jpg,1,Electrical Box,20260517_175748,crop_robustness,pixel_50,80,50,7,crop,pixel,0.5,32,gray,Electrical Box,444,343,Stairs,0.6060071587562561,False,Stairs,0.2372213857274395,False,151,1.0,26901,21,-2.549600601196289,-9.40585994720459
21,images/IMG_09857.jpg,1,Electrical Box,20260517_175748,crop_robustness,pixel_75,80,50,7,crop,pixel,0.75,32,gray,Electrical Box,444,343,Stairs,0.6185944080352783,False,Stairs,0.250361072188326,False,151,1.0,26901,21,-2.8061623573303223,-8.350290298461914
22,images/IMG_10134.jpg,1,Dustbin,20260517_175748,crop_robustness,clean,80,50,7,crop,none,0.0,32,gray,Dustbin,529,442,Dustbin,0.6697643399238586,True,Dustbin,0.8639852267151371,True,151,1.0,26901,21,13.61034107208252,-5.535001277923584
22,images/IMG_10134.jpg,1,Dustbin,20260517_175748,crop_robustness,pixel_25,80,50,7,crop,pixel,0.25,32,gray,Dustbin,529,442,Dustbin,0.5754148960113525,True,Dustbin,0.6676402905727163,True,151,1.0,26901,21,12.685826301574707,-5.714609622955322
22,images/IMG_10134.jpg,1,Dustbin,20260517_175748,crop_robustness,pixel_50,80,50,7,crop,pixel,0.5,32,gray,Dustbin,529,442,Dustbin,0.5829858183860779,True,Dustbin,0.5987933318243498,True,151,1.0,26901,21,12.276915550231934,-5.2616868019104
22,images/IMG_10134.jpg,1,Dustbin,20260517_175748,crop_robustness,pixel_75,80,50,7,crop,pixel,0.75,32,gray,Dustbin,529,442,Dustbin,0.6565883755683899,True,Dustbin,0.6158886376786793,True,151,1.0,26901,21,11.988591194152832,-4.206778526306152
23,images/IMG_10281.jpg,1,Dustbin,20260517_175748,crop_robustness,clean,80,50,7,crop,none,0.0,32,gray,Dustbin,639,412,Dustbin,0.575092613697052,True,Dustbin,0.837102237139845,True,151,1.0,26901,21,-6.951245307922363,-11.239995002746582
23,images/IMG_10281.jpg,1,Dustbin,20260517_175748,crop_robustness,pixel_25,80,50,7,crop,pixel,0.25,32,gray,Dustbin,639,412,Stairs,0.5750939846038818,False,Dustbin,0.6387934908510495,True,151,1.0,26901,21,-7.147590160369873,-10.492088317871094
23,images/IMG_10281.jpg,1,Dustbin,20260517_175748,crop_robustness,pixel_50,80,50,7,crop,pixel,0.5,32,gray,Dustbin,639,412,Stairs,0.6229894161224365,False,Stairs,0.4130277838847985,False,151,1.0,26901,21,-7.131224155426025,-9.596092224121094
23,images/IMG_10281.jpg,1,Dustbin,20260517_175748,crop_robustness,pixel_75,80,50,7,crop,pixel,0.75,32,gray,Dustbin,639,412,Stairs,0.6027507185935974,False,Stairs,0.3808320856093433,False,151,1.0,26901,21,-7.148381233215332,-8.623291015625
24,images/IMG_10323.jpg,1,Guard rail,20260517_175748,crop_robustness,clean,80,50,7,crop,none,0.0,32,gray,Guard rail,612,191,Manhole,0.4673744440078735,False,Manhole,0.189289119542111,False,151,1.0,26901,21,-4.058789253234863,-20.3491268157959
24,images/IMG_10323.jpg,1,Guard rail,20260517_175748,crop_robustness,pixel_25,80,50,7,crop,pixel,0.25,32,gray,Guard rail,612,191,Manhole,0.5039635300636292,False,Manhole,0.2644151663156514,False,151,1.0,26901,21,-3.965109348297119,-18.992319107055664
24,images/IMG_10323.jpg,1,Guard rail,20260517_175748,crop_robustness,pixel_50,80,50,7,crop,pixel,0.5,32,gray,Guard rail,612,191,Manhole,0.5431523323059082,False,Manhole,0.3555451682019895,False,151,1.0,26901,21,-4.139688491821289,-17.786144256591797
24,images/IMG_10323.jpg,1,Guard rail,20260517_175748,crop_robustness,pixel_75,80,50,7,crop,pixel,0.75,32,gray,Guard rail,612,191,Person,0.5502258539199829,False,Manhole,0.2427768371106045,False,151,1.0,26901,21,-4.056552886962891,-16.763599395751953
25,images/IMG_10336.jpg,1,Guard rail,20260517_175748,crop_robustness,clean,80,50,7,crop,none,0.0,32,gray,Guard rail,611,226,Building,0.4534326791763305,False,Person,0.1853068292922875,False,151,1.0,26901,21,-3.24661922454834,-20.73116683959961
25,images/IMG_10336.jpg,1,Guard rail,20260517_175748,crop_robustness,pixel_25,80,50,7,crop,pixel,0.25,32,gray,Guard rail,611,226,Manhole,0.4527017176151275,False,Stairs,0.2447736584142065,False,151,1.0,26901,21,-2.495175838470459,-19.063873291015625
25,images/IMG_10336.jpg,1,Guard rail,20260517_175748,crop_robustness,pixel_50,80,50,7,crop,pixel,0.5,32,gray,Guard rail,611,226,Manhole,0.5005459785461426,False,Stairs,0.2929552327431305,False,151,1.0,26901,21,-2.6710033416748047,-17.93343734741211
25,images/IMG_10336.jpg,1,Guard rail,20260517_175748,crop_robustness,pixel_75,80,50,7,crop,pixel,0.75,32,gray,Guard rail,611,226,Person,0.5685735940933228,False,Person,0.2719290114720218,False,151,1.0,26901,21,-2.937532663345337,-16.61026954650879
26,images/IMG_10898.jpg,1,Manhole,20260517_175748,crop_robustness,clean,80,50,7,crop,none,0.0,32,gray,Manhole,380,332,Manhole,0.6665546894073486,True,Manhole,0.9704687181800906,True,151,1.0,26901,21,-14.33657169342041,12.383044242858887
26,images/IMG_10898.jpg,1,Manhole,20260517_175748,crop_robustness,pixel_25,80,50,7,crop,pixel,0.25,32,gray,Manhole,380,332,Manhole,0.6653754711151123,True,Manhole,0.9753273188279624,True,151,1.0,26901,21,-14.01369571685791,13.003548622131348
26,images/IMG_10898.jpg,1,Manhole,20260517_175748,crop_robustness,pixel_50,80,50,7,crop,pixel,0.5,32,gray,Manhole,380,332,Manhole,0.6916837096214294,True,Manhole,0.9691697794981572,True,151,1.0,26901,21,-13.201830863952637,12.875214576721191
26,images/IMG_10898.jpg,1,Manhole,20260517_175748,crop_robustness,pixel_75,80,50,7,crop,pixel,0.75,32,gray,Manhole,380,332,Manhole,0.6159480810165405,True,Pedestrian crosswalk,0.3906689853047989,False,151,1.0,26901,21,2.6024112701416016,5.415156364440918
27,images/IMG_11173.jpg,1,Pedestrian crosswalk,20260517_175748,crop_robustness,clean,80,50,7,crop,none,0.0,32,gray,Pedestrian crosswalk,578,562,Chair,0.5281985402107239,False,Chair,0.3972566614730194,False,151,1.0,26901,21,-20.176624298095703,-7.92189359664917
27,images/IMG_11173.jpg,1,Pedestrian crosswalk,20260517_175748,crop_robustness,pixel_25,80,50,7,crop,pixel,0.25,32,gray,Pedestrian crosswalk,578,562,Manhole,0.4987778663635254,False,Manhole,0.3821824190437411,False,151,1.0,26901,21,-19.714157104492188,-6.476616859436035
27,images/IMG_11173.jpg,1,Pedestrian crosswalk,20260517_175748,crop_robustness,pixel_50,80,50,7,crop,pixel,0.5,32,gray,Pedestrian crosswalk,578,562,Manhole,0.515044629573822,False,Manhole,0.3904278559040511,False,151,1.0,26901,21,-20.227750778198242,-5.724008083343506
27,images/IMG_11173.jpg,1,Pedestrian crosswalk,20260517_175748,crop_robustness,pixel_75,80,50,7,crop,pixel,0.75,32,gray,Pedestrian crosswalk,578,562,Manhole,0.5258139371871948,False,Manhole,0.3247239471527987,False,151,1.0,26901,21,-19.419309616088867,-5.0719194412231445
28,images/IMG_11199.jpg,1,Pedestrian crosswalk,20260517_175748,crop_robustness,clean,80,50,7,crop,none,0.0,32,gray,Pedestrian crosswalk,578,509,Electrical Pole,0.5222620964050293,False,Chair,0.4158683908877325,False,151,1.0,26901,21,-21.07993507385254,-7.766530513763428
28,images/IMG_11199.jpg,1,Pedestrian crosswalk,20260517_175748,crop_robustness,pixel_25,80,50,7,crop,pixel,0.25,32,gray,Pedestrian crosswalk,578,509,Manhole,0.4905442297458648,False,Manhole,0.5259868185816551,False,151,1.0,26901,21,-21.43925666809082,-6.102668762207031
28,images/IMG_11199.jpg,1,Pedestrian crosswalk,20260517_175748,crop_robustness,pixel_50,80,50,7,crop,pixel,0.5,32,gray,Pedestrian crosswalk,578,509,Manhole,0.4997016787528991,False,Manhole,0.5497424913388367,False,151,1.0,26901,21,-21.67657470703125,-5.1417412757873535
28,images/IMG_11199.jpg,1,Pedestrian crosswalk,20260517_175748,crop_robustness,pixel_75,80,50,7,crop,pixel,0.75,32,gray,Pedestrian crosswalk,578,509,Manhole,0.5035605430603027,False,Manhole,0.5057705709230027,False,151,1.0,26901,21,-20.78057861328125,-4.566509246826172
29,images/IMG_11239.jpg,1,Traffic sign,20260517_175748,crop_robustness,clean,80,50,7,crop,none,0.0,32,gray,Traffic sign,239,216,Traffic sign,0.5642831325531006,True,Traffic sign,0.7923412600642844,True,151,1.0,26901,21,-17.509584426879883,1.3514518737792969
29,images/IMG_11239.jpg,1,Traffic sign,20260517_175748,crop_robustness,pixel_25,80,50,7,crop,pixel,0.25,32,gray,Traffic sign,239,216,Traffic sign,0.4827762544155121,True,Traffic sign,0.4145763649379392,True,151,1.0,26901,21,-17.867477416992188,0.4730406403541565
29,images/IMG_11239.jpg,1,Traffic sign,20260517_175748,crop_robustness,pixel_50,80,50,7,crop,pixel,0.5,32,gray,Traffic sign,239,216,Manhole,0.5213708281517029,False,Manhole,0.3758121984204443,False,151,1.0,26901,21,-18.00731086730957,-0.24155107140541077
29,images/IMG_11239.jpg,1,Traffic sign,20260517_175748,crop_robustness,pixel_75,80,50,7,crop,pixel,0.75,32,gray,Traffic sign,239,216,Manhole,0.5489284992218018,False,Manhole,0.5820955226306695,False,151,1.0,26901,21,-18.462438583374023,-1.0753403902053833
30,images/IMG_11388.jpg,1,Bus,20260517_175748,crop_robustness,clean,80,50,7,crop,none,0.0,32,gray,Bus,415,415,Truck,0.6631042957305908,False,Truck,0.5995491692519346,False,151,1.0,26901,21,-8.637523651123047,7.199514389038086
30,images/IMG_11388.jpg,1,Bus,20260517_175748,crop_robustness,pixel_25,80,50,7,crop,pixel,0.25,32,gray,Bus,415,415,Truck,0.6860393285751343,False,Truck,0.8338966101536268,False,151,1.0,26901,21,-7.960106372833252,7.140978813171387
30,images/IMG_11388.jpg,1,Bus,20260517_175748,crop_robustness,pixel_50,80,50,7,crop,pixel,0.5,32,gray,Bus,415,415,Truck,0.6135396957397461,False,Truck,0.645972844357624,False,151,1.0,26901,21,-4.747420310974121,4.403735160827637
30,images/IMG_11388.jpg,1,Bus,20260517_175748,crop_robustness,pixel_75,80,50,7,crop,pixel,0.75,32,gray,Bus,415,415,Chair,0.5660281181335449,False,Pedestrian crosswalk,0.29466583775027,False,151,1.0,26901,21,-1.4787020683288574,3.8752100467681885
31,images/IMG_12097.jpg,1,Manhole,20260517_175748,crop_robustness,clean,80,50,7,crop,none,0.0,32,gray,Manhole,422,369,Manhole,0.565697193145752,True,Manhole,0.9494265388972006,True,151,1.0,26901,21,-15.334604263305664,15.545281410217285
31,images/IMG_12097.jpg,1,Manhole,20260517_175748,crop_robustness,pixel_25,80,50,7,crop,pixel,0.25,32,gray,Manhole,422,369,Manhole,0.5743427276611328,True,Manhole,0.9310992879222244,True,151,1.0,26901,21,-14.858535766601562,15.990211486816406
31,images/IMG_12097.jpg,1,Manhole,20260517_175748,crop_robustness,pixel_50,80,50,7,crop,pixel,0.5,32,gray,Manhole,422,369,Manhole,0.5854730606079102,True,Manhole,0.7738081467404203,True,151,1.0,26901,21,-14.109932899475098,15.626555442810059
31,images/IMG_12097.jpg,1,Manhole,20260517_175748,crop_robustness,pixel_75,80,50,7,crop,pixel,0.75,32,gray,Manhole,422,369,Pedestrian crosswalk,0.4817443192005157,False,Pedestrian crosswalk,0.5247241614740408,False,151,1.0,26901,21,2.0422792434692383,6.918917179107666
32,images/IMG_12523.jpg,1,Traffic Cone,20260517_175748,crop_robustness,clean,80,50,7,crop,none,0.0,32,gray,Traffic Cone,302,258,Chair,0.6603767275810242,False,Traffic Cone,0.7301014516190861,True,151,1.0,26901,21,-0.30861178040504456,-7.4775919914245605
32,images/IMG_12523.jpg,1,Traffic Cone,20260517_175748,crop_robustness,pixel_25,80,50,7,crop,pixel,0.25,32,gray,Traffic Cone,302,258,Chair,0.6060364246368408,False,Traffic Cone,0.556618342768046,True,151,1.0,26901,21,-1.0638606548309326,-6.731438159942627
32,images/IMG_12523.jpg,1,Traffic Cone,20260517_175748,crop_robustness,pixel_50,80,50,7,crop,pixel,0.5,32,gray,Traffic Cone,302,258,Chair,0.5784847736358643,False,Traffic Cone,0.2011529390033458,True,151,1.0,26901,21,-1.536142110824585,-6.127093315124512
32,images/IMG_12523.jpg,1,Traffic Cone,20260517_175748,crop_robustness,pixel_75,80,50,7,crop,pixel,0.75,32,gray,Traffic Cone,302,258,Chair,0.5653046369552612,False,Pedestrian crosswalk,0.2276145382045792,False,151,1.0,26901,21,-1.5623832941055298,-4.747819423675537
33,images/IMG_12533.jpg,1,Dog,20260517_175748,crop_robustness,clean,80,50,7,crop,none,0.0,32,gray,Dog,362,531,Chair,0.4627301394939422,False,Person,0.2265718637721451,False,151,1.0,26901,21,3.552565336227417,-4.400784969329834
33,images/IMG_12533.jpg,1,Dog,20260517_175748,crop_robustness,pixel_25,80,50,7,crop,pixel,0.25,32,gray,Dog,362,531,Chair,0.4297023713588714,False,Person,0.2283545026432004,False,151,1.0,26901,21,2.842876434326172,-4.294126510620117
33,images/IMG_12533.jpg,1,Dog,20260517_175748,crop_robustness,pixel_50,80,50,7,crop,pixel,0.5,32,gray,Dog,362,531,Chair,0.4995990097522735,False,Pedestrian crosswalk,0.2674559628767221,False,151,1.0,26901,21,2.63497257232666,-3.546190023422241
33,images/IMG_12533.jpg,1,Dog,20260517_175748,crop_robustness,pixel_75,80,50,7,crop,pixel,0.75,32,gray,Dog,362,531,Chair,0.551541805267334,False,Pedestrian crosswalk,0.4102985878676189,False,151,1.0,26901,21,2.072901487350464,-2.952576160430908
34,images/IMG_12594.jpg,1,Dog,20260517_175748,crop_robustness,clean,80,50,7,crop,none,0.0,32,gray,Dog,348,428,Chair,0.4886801838874817,False,Chair,0.2164365823911554,False,151,1.0,26901,21,9.455791473388672,-0.3743320107460022
34,images/IMG_12594.jpg,1,Dog,20260517_175748,crop_robustness,pixel_25,80,50,7,crop,pixel,0.25,32,gray,Dog,348,428,Chair,0.4740338325500488,False,Person,0.1714859495992888,False,151,1.0,26901,21,9.184020042419434,-0.34728819131851196
34,images/IMG_12594.jpg,1,Dog,20260517_175748,crop_robustness,pixel_50,80,50,7,crop,pixel,0.5,32,gray,Dog,348,428,Chair,0.6153010129928589,False,Chair,0.3978306205057819,False,151,1.0,26901,21,0.999099612236023,-0.4993903934955597
34,images/IMG_12594.jpg,1,Dog,20260517_175748,crop_robustness,pixel_75,80,50,7,crop,pixel,0.75,32,gray,Dog,348,428,Chair,0.5895665884017944,False,Chair,0.292404489914356,False,151,1.0,26901,21,0.7227073311805725,-0.03299558535218239
35,images/IMG_12722.jpg,1,Bus,20260517_175748,crop_robustness,clean,80,50,7,crop,none,0.0,32,gray,Bus,200,393,Truck,0.549052357673645,False,Bus,0.6415137798705615,True,151,1.0,26901,21,-9.820597648620605,5.029252052307129
35,images/IMG_12722.jpg,1,Bus,20260517_175748,crop_robustness,pixel_25,80,50,7,crop,pixel,0.25,32,gray,Bus,200,393,Truck,0.5565142631530762,False,Bus,0.3907073136566049,True,151,1.0,26901,21,-9.18622875213623,4.583849906921387
35,images/IMG_12722.jpg,1,Bus,20260517_175748,crop_robustness,pixel_50,80,50,7,crop,pixel,0.5,32,gray,Bus,200,393,Truck,0.5904238820075989,False,Truck,0.3495705136002133,False,151,1.0,26901,21,-8.034679412841797,4.0932297706604
35,images/IMG_12722.jpg,1,Bus,20260517_175748,crop_robustness,pixel_75,80,50,7,crop,pixel,0.75,32,gray,Bus,200,393,Chair,0.5844435095787048,False,Pedestrian crosswalk,0.2433935147853026,False,151,1.0,26901,21,-2.7596983909606934,3.1814818382263184
36,images/IMG_13216.jpg,1,Chair,20260517_175748,crop_robustness,clean,80,50,7,crop,none,0.0,32,gray,Chair,639,538,Chair,0.8218964338302612,True,Chair,0.9775727753377232,True,151,1.0,26901,21,-12.379228591918945,-2.1414992809295654
36,images/IMG_13216.jpg,1,Chair,20260517_175748,crop_robustness,pixel_25,80,50,7,crop,pixel,0.25,32,gray,Chair,639,538,Person,0.5095593929290771,False,Person,0.2483913046494537,False,151,1.0,26901,21,-12.472587585449219,0.5062956213951111
36,images/IMG_13216.jpg,1,Chair,20260517_175748,crop_robustness,pixel_50,80,50,7,crop,pixel,0.5,32,gray,Chair,639,538,Person,0.4863407611846924,False,Person,0.1647839105932804,False,151,1.0,26901,21,-12.735511779785156,1.1721808910369873
36,images/IMG_13216.jpg,1,Chair,20260517_175748,crop_robustness,pixel_75,80,50,7,crop,pixel,0.75,32,gray,Chair,639,538,Stairs,0.5220613479614258,False,Person,0.1858065698166978,False,151,1.0,26901,21,-12.293620109558105,1.64316725730896
37,images/IMG_13577.jpg,1,Dog,20260517_175748,crop_robustness,clean,80,50,7,crop,none,0.0,32,gray,Dog,478,639,Dog,0.6169607639312744,True,Dog,0.8386827438897121,True,151,1.0,26901,21,5.520954132080078,-0.8444112539291382
37,images/IMG_13577.jpg,1,Dog,20260517_175748,crop_robustness,pixel_25,80,50,7,crop,pixel,0.25,32,gray,Dog,478,639,Dog,0.5840029120445251,True,Dog,0.7132863435334535,True,151,1.0,26901,21,4.931795597076416,-0.911851704120636
37,images/IMG_13577.jpg,1,Dog,20260517_175748,crop_robustness,pixel_50,80,50,7,crop,pixel,0.5,32,gray,Dog,478,639,Dog,0.5839707255363464,True,Dog,0.5854558396259236,True,151,1.0,26901,21,4.469481468200684,-0.3684035539627075
37,images/IMG_13577.jpg,1,Dog,20260517_175748,crop_robustness,pixel_75,80,50,7,crop,pixel,0.75,32,gray,Dog,478,639,Person,0.621208131313324,False,Person,0.5090421601207741,False,151,1.0,26901,21,3.143357992172241,0.8137041926383972
38,images/IMG_14030.jpg,1,Dustbin,20260517_175748,crop_robustness,clean,80,50,7,crop,none,0.0,32,gray,Dustbin,364,436,Dustbin,0.7532346248626709,True,Dustbin,0.996625108437524,True,151,1.0,26901,21,15.613762855529785,-2.6132113933563232
38,images/IMG_14030.jpg,1,Dustbin,20260517_175748,crop_robustness,pixel_25,80,50,7,crop,pixel,0.25,32,gray,Dustbin,364,436,Dustbin,0.7717083692550659,True,Dustbin,0.9944726653665662,True,151,1.0,26901,21,14.793647766113281,-2.5439395904541016
38,images/IMG_14030.jpg,1,Dustbin,20260517_175748,crop_robustness,pixel_50,80,50,7,crop,pixel,0.5,32,gray,Dustbin,364,436,Dustbin,0.7960643768310547,True,Dustbin,0.9875860904397136,True,151,1.0,26901,21,14.002565383911133,-2.4661059379577637
38,images/IMG_14030.jpg,1,Dustbin,20260517_175748,crop_robustness,pixel_75,80,50,7,crop,pixel,0.75,32,gray,Dustbin,364,436,Dustbin,0.7428174018859863,True,Dustbin,0.8063799013127428,True,151,1.0,26901,21,12.597687721252441,-2.362584114074707
39,images/IMG_14156.jpg,1,Dustbin,20260517_175748,crop_robustness,clean,80,50,7,crop,none,0.0,32,gray,Dustbin,451,552,Dustbin,0.7056517601013184,True,Dustbin,0.7527488647701746,True,151,1.0,26901,21,-13.972576141357422,-4.956661224365234
39,images/IMG_14156.jpg,1,Dustbin,20260517_175748,crop_robustness,pixel_25,80,50,7,crop,pixel,0.25,32,gray,Dustbin,451,552,Dustbin,0.6579329967498779,True,Dustbin,0.5382280066766746,True,151,1.0,26901,21,-14.293388366699219,-5.641482353210449
39,images/IMG_14156.jpg,1,Dustbin,20260517_175748,crop_robustness,pixel_50,80,50,7,crop,pixel,0.5,32,gray,Dustbin,451,552,Dustbin,0.5684251189231873,True,Dustbin,0.4025814571286029,True,151,1.0,26901,21,-14.482978820800781,-7.039947986602783
39,images/IMG_14156.jpg,1,Dustbin,20260517_175748,crop_robustness,pixel_75,80,50,7,crop,pixel,0.75,32,gray,Dustbin,451,552,Dustbin,0.5373198986053467,True,Dustbin,0.3701475076334722,True,151,1.0,26901,21,-14.4754056930542,-7.506879806518555
40,images/IMG_14368.jpg,1,Truck,20260517_175748,crop_robustness,clean,80,50,7,crop,none,0.0,32,gray,Truck,334,175,Truck,0.767227292060852,True,Truck,0.8980989000222858,True,151,1.0,26901,21,-6.408541202545166,7.0768351554870605
40,images/IMG_14368.jpg,1,Truck,20260517_175748,crop_robustness,pixel_25,80,50,7,crop,pixel,0.25,32,gray,Truck,334,175,Truck,0.7324351668357849,True,Truck,0.9269013960739104,True,151,1.0,26901,21,-5.764884948730469,6.404974460601807
40,images/IMG_14368.jpg,1,Truck,20260517_175748,crop_robustness,pixel_50,80,50,7,crop,pixel,0.5,32,gray,Truck,334,175,Truck,0.6348828673362732,True,Truck,0.619219491733353,True,151,1.0,26901,21,-4.701164722442627,5.550439357757568
40,images/IMG_14368.jpg,1,Truck,20260517_175748,crop_robustness,pixel_75,80,50,7,crop,pixel,0.75,32,gray,Truck,334,175,Pedestrian crosswalk,0.5359396934509277,False,Pedestrian crosswalk,0.3881344736626273,False,151,1.0,26901,21,-0.6736164093017578,4.668374538421631
41,images/IMG_14430.jpg,1,Car,20260517_175748,crop_robustness,clean,80,50,7,crop,none,0.0,32,gray,Car,365,215,Car,0.4713519811630249,True,Car,0.9589868521932828,True,151,1.0,26901,21,4.587636947631836,-15.339515686035156
41,images/IMG_14430.jpg,1,Car,20260517_175748,crop_robustness,pixel_25,80,50,7,crop,pixel,0.25,32,gray,Car,365,215,Car,0.5258467197418213,True,Car,0.9467401806547558,True,151,1.0,26901,21,3.550640344619751,-15.281120300292969
41,images/IMG_14430.jpg,1,Car,20260517_175748,crop_robustness,pixel_50,80,50,7,crop,pixel,0.5,32,gray,Car,365,215,Car,0.548803448677063,True,Car,0.9230814732524238,True,151,1.0,26901,21,2.958301544189453,-15.206181526184082
41,images/IMG_14430.jpg,1,Car,20260517_175748,crop_robustness,pixel_75,80,50,7,crop,pixel,0.75,32,gray,Car,365,215,Chair,0.5813318490982056,False,Pedestrian crosswalk,0.236799961511929,False,151,1.0,26901,21,-1.326993703842163,2.9465785026550293
42,images/IMG_15065.jpg,1,Building,20260517_175748,crop_robustness,clean,80,50,7,crop,none,0.0,32,gray,Building,53,247,Stairs,0.5822494029998779,False,Stairs,0.3562733411051539,False,151,1.0,26901,21,19.12615394592285,4.798571586608887
42,images/IMG_15065.jpg,1,Building,20260517_175748,crop_robustness,pixel_25,80,50,7,crop,pixel,0.25,32,gray,Building,53,247,Chair,0.6392840147018433,False,Chair,0.5640235423329661,False,151,1.0,26901,21,17.33441734313965,5.171669960021973
42,images/IMG_15065.jpg,1,Building,20260517_175748,crop_robustness,pixel_50,80,50,7,crop,pixel,0.5,32,gray,Building,53,247,Chair,0.6188021898269653,False,Chair,0.4196422156679341,False,151,1.0,26901,21,16.929676055908203,5.799996852874756
42,images/IMG_15065.jpg,1,Building,20260517_175748,crop_robustness,pixel_75,80,50,7,crop,pixel,0.75,32,gray,Building,53,247,Chair,0.5408656597137451,False,Person,0.2227069391317399,False,151,1.0,26901,21,16.822330474853516,6.846010684967041
43,images/IMG_16035.jpg,1,Person,20260517_175748,crop_robustness,clean,80,50,7,crop,none,0.0,32,gray,Person,345,429,Person,0.6794545650482178,True,Person,0.927923186462618,True,151,1.0,26901,21,-7.997142314910889,-0.04426378384232521
43,images/IMG_16035.jpg,1,Person,20260517_175748,crop_robustness,pixel_25,80,50,7,crop,pixel,0.25,32,gray,Person,345,429,Person,0.6692895889282227,True,Person,0.8710560736222751,True,151,1.0,26901,21,-6.903847694396973,0.15855073928833008
43,images/IMG_16035.jpg,1,Person,20260517_175748,crop_robustness,pixel_50,80,50,7,crop,pixel,0.5,32,gray,Person,345,429,Person,0.6547098159790039,True,Person,0.8024886116213521,True,151,1.0,26901,21,-6.250184535980225,0.32953861355781555
43,images/IMG_16035.jpg,1,Person,20260517_175748,crop_robustness,pixel_75,80,50,7,crop,pixel,0.75,32,gray,Person,345,429,Person,0.6411569118499756,True,Person,0.7169240796536218,True,151,1.0,26901,21,-5.629024505615234,0.593648374080658
44,images/IMG_16155.jpg,1,Traffic Cone,20260517_175748,crop_robustness,clean,80,50,7,crop,none,0.0,32,gray,Traffic Cone,548,506,Traffic Cone,0.6674290895462036,True,Traffic Cone,0.953583751615044,True,151,1.0,26901,21,-9.153841972351074,-4.894247531890869
44,images/IMG_16155.jpg,1,Traffic Cone,20260517_175748,crop_robustness,pixel_25,80,50,7,crop,pixel,0.25,32,gray,Traffic Cone,548,506,Traffic Cone,0.6391310691833496,True,Traffic Cone,0.8956343435217049,True,151,1.0,26901,21,-8.603623390197754,-4.715856552124023
44,images/IMG_16155.jpg,1,Traffic Cone,20260517_175748,crop_robustness,pixel_50,80,50,7,crop,pixel,0.5,32,gray,Traffic Cone,548,506,Traffic Cone,0.674648106098175,True,Traffic Cone,0.8652017621906444,True,151,1.0,26901,21,-7.949265480041504,-3.94771671295166
44,images/IMG_16155.jpg,1,Traffic Cone,20260517_175748,crop_robustness,pixel_75,80,50,7,crop,pixel,0.75,32,gray,Traffic Cone,548,506,Traffic Cone,0.6287212371826172,True,Traffic Cone,0.4821098884711046,True,151,1.0,26901,21,-7.174283027648926,-3.290907144546509
45,images/IMG_16420.jpg,1,Dog,20260517_175748,crop_robustness,clean,80,50,7,crop,none,0.0,32,gray,Dog,378,502,Dog,0.8536145687103271,True,Dog,0.9945946413812928,True,151,1.0,26901,21,6.623363018035889,1.8835508823394775
45,images/IMG_16420.jpg,1,Dog,20260517_175748,crop_robustness,pixel_25,80,50,7,crop,pixel,0.25,32,gray,Dog,378,502,Dog,0.7826893925666809,True,Dog,0.960109632895957,True,151,1.0,26901,21,5.7823262214660645,2.1131958961486816
45,images/IMG_16420.jpg,1,Dog,20260517_175748,crop_robustness,pixel_50,80,50,7,crop,pixel,0.5,32,gray,Dog,378,502,Dog,0.6673620343208313,True,Dog,0.6594007296873939,True,151,1.0,26901,21,5.006778717041016,2.3055248260498047
45,images/IMG_16420.jpg,1,Dog,20260517_175748,crop_robustness,pixel_75,80,50,7,crop,pixel,0.75,32,gray,Dog,378,502,Person,0.5974369645118713,False,Person,0.3651056617950025,False,151,1.0,26901,21,2.2466511726379395,2.615670919418335
46,images/IMG_18145.jpg,1,Manhole,20260517_175748,crop_robustness,clean,80,50,7,crop,none,0.0,32,gray,Manhole,377,260,Person,0.588982343673706,False,Person,0.7438833109404972,False,151,1.0,26901,21,8.641465187072754,-3.652785062789917
46,images/IMG_18145.jpg,1,Manhole,20260517_175748,crop_robustness,pixel_25,80,50,7,crop,pixel,0.25,32,gray,Manhole,377,260,Person,0.624500572681427,False,Person,0.59931654127486,False,151,1.0,26901,21,7.910885334014893,-3.099367618560791
46,images/IMG_18145.jpg,1,Manhole,20260517_175748,crop_robustness,pixel_50,80,50,7,crop,pixel,0.5,32,gray,Manhole,377,260,Person,0.6150617599487305,False,Person,0.4527795784513639,False,151,1.0,26901,21,7.374810218811035,-2.677319049835205
46,images/IMG_18145.jpg,1,Manhole,20260517_175748,crop_robustness,pixel_75,80,50,7,crop,pixel,0.75,32,gray,Manhole,377,260,Person,0.5831441283226013,False,Pedestrian crosswalk,0.3046937886786827,False,151,1.0,26901,21,1.9488589763641357,4.312764644622803
47,images/IMG_18379.jpg,1,Stairs,20260517_175748,crop_robustness,clean,80,50,7,crop,none,0.0,32,gray,Stairs,639,276,Stairs,0.7108731865882874,True,Stairs,0.9833322390884214,True,151,1.0,26901,21,12.931792259216309,2.934652328491211
47,images/IMG_18379.jpg,1,Stairs,20260517_175748,crop_robustness,pixel_25,80,50,7,crop,pixel,0.25,32,gray,Stairs,639,276,Stairs,0.6774144768714905,True,Stairs,0.9481005608088384,True,151,1.0,26901,21,12.369038581848145,3.223623752593994
47,images/IMG_18379.jpg,1,Stairs,20260517_175748,crop_robustness,pixel_50,80,50,7,crop,pixel,0.5,32,gray,Stairs,639,276,Stairs,0.6741324663162231,True,Stairs,0.8192799282240889,True,151,1.0,26901,21,11.267354965209961,3.548407793045044
47,images/IMG_18379.jpg,1,Stairs,20260517_175748,crop_robustness,pixel_75,80,50,7,crop,pixel,0.75,32,gray,Stairs,639,276,Stairs,0.6258352994918823,True,Stairs,0.6052521621897795,True,151,1.0,26901,21,10.506007194519043,3.797349691390991
48,images/IMG_18418.jpg,1,Stairs,20260517_175748,crop_robustness,clean,80,50,7,crop,none,0.0,32,gray,Stairs,639,639,Chair,0.4985188543796539,False,Stairs,0.2790084192619791,True,151,1.0,26901,21,-9.064870834350586,-17.26531410217285
48,images/IMG_18418.jpg,1,Stairs,20260517_175748,crop_robustness,pixel_25,80,50,7,crop,pixel,0.25,32,gray,Stairs,639,639,Chair,0.5167833566665649,False,Stairs,0.2884979681406222,True,151,1.0,26901,21,-8.43346881866455,-17.031940460205078
48,images/IMG_18418.jpg,1,Stairs,20260517_175748,crop_robustness,pixel_50,80,50,7,crop,pixel,0.5,32,gray,Stairs,639,639,Chair,0.5664312839508057,False,Chair,0.3546182105410924,False,151,1.0,26901,21,-8.288928985595703,-16.172597885131836
48,images/IMG_18418.jpg,1,Stairs,20260517_175748,crop_robustness,pixel_75,80,50,7,crop,pixel,0.75,32,gray,Stairs,639,639,Chair,0.6105836629867554,False,Chair,0.6592815972606539,False,151,1.0,26901,21,-7.7959794998168945,-15.349603652954102
